Name,Email
Jorrie Neggrini,jneggrini0@apple.com
Staffard Smalman,ssmalman1@tinypic.com
Carolus Sivyer,csivyer2@1688.com
Kirsti Hunting,khunting3@imdb.com
Pris Brusle,pbrusle4@instagram.com
Nevin Mardle,nmardle5@pbs.org
Aleksandr Farnell,afarnell6@wordpress.com
Eustace Wickett,ewickett7@usatoday.com
Helsa Drakard,hdrakard8@wordpress.org
Tomlin Bettenay,tbettenay9@fc2.com
Lorilyn Gilby,lgilbya@liveinternet.ru
Carlos Ternault,cternaultb@bbb.org
Rahel Skepper,rskepperc@npr.org
Ely Phillput,ephillputd@yandex.ru
Harvey Wheater,hwheatere@webeden.co.uk
Kermie Stainbridge,kstainbridgef@theguardian.com
Eustacia Jowitt,ejowittg@instagram.com
Kirsten Berthomier,kberthomierh@cargocollective.com
Duky Furmedge,dfurmedgei@cloudflare.com
Henrie Siviter,hsiviterj@livejournal.com
Nero Castelli,ncastellik@gizmodo.com
Charmian MacKissack,cmackissackl@theglobeandmail.com
Nickey Kleinstern,nkleinsternm@acquirethisname.com
Allistir Fisby,afisbyn@tiny.cc
Honoria Aizikovich,haizikovicho@woothemes.com
Alessandro Bechley,abechleyp@dmoz.org
Magdalene Golborne,mgolborneq@yale.edu
Hobie Jack,hjackr@bluehost.com
Keelia Bloom,kblooms@comcast.net
Xenia Dudhill,xdudhillt@ucoz.ru
Tilly Howson,thowsonu@ifeng.com
Dorice Jaynes,djaynesv@dropbox.com
Sarena Mattke,smattkew@com.com
Van Bownass,vbownassx@plala.or.jp
Lion Ferber,lferbery@google.fr
Sasha Lamas,slamasz@weebly.com
Renae Kindred,rkindred10@geocities.jp
Liva Eyeington,leyeington11@wix.com
Egor Peel,epeel12@bravesites.com
Lester Paolone,lpaolone13@ucoz.com
Karina Benallack,kbenallack14@parallels.com
Ebonee Cicero,ecicero15@opensource.org
Pam Cars,pcars16@kickstarter.com
Meier Grahl,mgrahl17@tiny.cc
Franklyn Kelloway,fkelloway18@wix.com
Hillard Astlett,hastlett19@sourceforge.net
Hamlen Gazey,hgazey1a@rediff.com
Gabie Llop,gllop1b@pbs.org
Rea Merrikin,rmerrikin1c@ted.com
Stevy Roddy,sroddy1d@alibaba.com
Jarrett Niblock,jniblock1e@is.gd
Mireille McNevin,mmcnevin1f@gov.uk
Annie Bozier,abozier1g@nsw.gov.au
Ardeen Hildrew,ahildrew1h@163.com
Mirabella Penfold,mpenfold1i@miitbeian.gov.cn
Barbee Linsay,blinsay1j@scribd.com
Uri Kreuzer,ukreuzer1k@cam.ac.uk
King Tuffield,ktuffield1l@dmoz.org
Nevins Tremlett,ntremlett1m@blogspot.com
Marv Bedow,mbedow1n@t-online.de
Tedman Hartzogs,thartzogs1o@ucoz.ru
Godard Josilowski,gjosilowski1p@themeforest.net
Brose Renachowski,brenachowski1q@over-blog.com
Wren Gludor,wgludor1r@t-online.de
Cristie Bougen,cbougen1s@vinaora.com
Iain Colpus,icolpus1t@com.com
Uta Drakers,udrakers1u@examiner.com
Webster Obispo,wobispo1v@sphinn.com
Arlin Pedrick,apedrick1w@smh.com.au
Niki Pounsett,npounsett1x@yellowbook.com
Reid Gritten,rgritten1y@census.gov
Fayina Linnard,flinnard1z@reuters.com
Issiah Raoux,iraoux20@fda.gov
Robinette Warin,rwarin21@com.com
Si Petrushkevich,spetrushkevich22@cisco.com
Farrand Kenrack,fkenrack23@umich.edu
Cynde Bails,cbails24@who.int
Domingo Fagg,dfagg25@archive.org
Marna Waddoups,mwaddoups26@yolasite.com
Tiphany Berthomieu,tberthomieu27@instagram.com
Kalli Blade,kblade28@ifeng.com
Marnie Bescoby,mbescoby29@stanford.edu
Lisbeth Silversmidt,lsilversmidt2a@prweb.com
Nikolia Milkin,nmilkin2b@china.com.cn
Lia Northey,lnorthey2c@sphinn.com
Orelee Thorbon,othorbon2d@webmd.com
Abigael Levermore,alevermore2e@businesswire.com
Beatrix Rumgay,brumgay2f@weibo.com
Candida Mc Ilwrick,cmc2g@tumblr.com
Lesley Matoshin,lmatoshin2h@ocn.ne.jp
Valenka Hartzenberg,vhartzenberg2i@istockphoto.com
Berri Cassie,bcassie2j@usnews.com
Clayborne Bensusan,cbensusan2k@ebay.com
Nyssa Nardoni,nnardoni2l@apache.org
Louella Seed,lseed2m@alibaba.com
Brion Jorgensen,bjorgensen2n@phoca.cz
Brock Hrachovec,bhrachovec2o@japanpost.jp
Reginauld Shrigley,rshrigley2p@tripadvisor.com
Jerome Lanahan,jlanahan2q@themeforest.net
Westbrook McUre,wmcure2r@yale.edu
Glenda Sainte Paul,gsainte2s@cmu.edu
Dniren Temprell,dtemprell2t@privacy.gov.au
Zandra Rolfi,zrolfi2u@hao123.com
Yalonda Gailor,ygailor2v@fda.gov
Trefor Matthewman,tmatthewman2w@adobe.com
Emmalee Kaesmakers,ekaesmakers2x@salon.com
Mandie Kidde,mkidde2y@bravesites.com
Parrnell Buddle,pbuddle2z@loc.gov
Sharona Tippin,stippin30@e-recht24.de
Grayce Lundbech,glundbech31@1688.com
Philippe Beames,pbeames32@scribd.com
Florri Lademann,flademann33@state.tx.us
Marquita Beake,mbeake34@yale.edu
Delmor Bend,dbend35@hatena.ne.jp
Naomi Crose,ncrose36@bloglovin.com
Peyter Yeoman,pyeoman37@ucoz.ru
Lexi Gawthrope,lgawthrope38@angelfire.com
Gerianna Dorking,gdorking39@unicef.org
Olenka Burdge,oburdge3a@google.com
Edy Rodwell,erodwell3b@flickr.com
Johan Iorizzi,jiorizzi3c@indiegogo.com
Violet Flippelli,vflippelli3d@paypal.com
Barb Wawer,bwawer3e@apache.org
Eugen Greenhow,egreenhow3f@lulu.com
Melodee Tayspell,mtayspell3g@nasa.gov
Goldie Friedman,gfriedman3h@businessweek.com
Byron Daniells,bdaniells3i@ucoz.ru
Pearle Aronowitz,paronowitz3j@vinaora.com
Catrina Gretham,cgretham3k@prlog.org
Mollee Cobbledick,mcobbledick3l@upenn.edu
Delphine Yoseloff,dyoseloff3m@fc2.com
Kippy Maciejewski,kmaciejewski3n@newyorker.com
Chance Sommers,csommers3o@com.com
Arleta McGhie,amcghie3p@wikimedia.org
Becki Milburne,bmilburne3q@lulu.com
Ephrem Gayton,egayton3r@cmu.edu
Jillene Douthwaite,jdouthwaite3s@shinystat.com
Blakeley Lynch,blynch3t@engadget.com
Iormina Friskey,ifriskey3u@fotki.com
Orville Vinnicombe,ovinnicombe3v@merriam-webster.com
Cecilius Holborn,cholborn3w@oaic.gov.au
Wright Balfre,wbalfre3x@cbslocal.com
Ferdinanda Avard,favard3y@wordpress.com
Nikolaus Kilbride,nkilbride3z@mlb.com
Daffi Wyllis,dwyllis40@umn.edu
Hasty Clericoates,hclericoates41@yolasite.com
Debor Stamper,dstamper42@webmd.com
Jervis Viste,jviste43@tmall.com
Boigie Capponer,bcapponer44@squarespace.com
Glen Hrinchenko,ghrinchenko45@time.com
Maximilianus Hollingby,mhollingby46@miitbeian.gov.cn
Read Ertelt,rertelt47@dedecms.com
Olva Corpes,ocorpes48@merriam-webster.com
Flor McGloin,fmcgloin49@hostgator.com
Cullen Wick,cwick4a@biglobe.ne.jp
Marline Burnes,mburnes4b@booking.com
Teresina Le Conte,tle4c@etsy.com
Shepard Ollivier,sollivier4d@linkedin.com
Brandea Rolstone,brolstone4e@g.co
Brandy Rowley,browley4f@wikimedia.org
Alonzo Winton,awinton4g@irs.gov
Talyah Begley,tbegley4h@msn.com
Bernie Byre,bbyre4i@amazon.co.uk
Cathi Putley,cputley4j@reuters.com
Vanna Elles,velles4k@soundcloud.com
Karim Digginson,kdigginson4l@tmall.com
Verile Rainford,vrainford4m@sciencedirect.com
Zebadiah Rodolphe,zrodolphe4n@cbsnews.com
Ileana Roberti,iroberti4o@bloomberg.com
Harley Paulet,hpaulet4p@webs.com
Susann Hallwood,shallwood4q@bigcartel.com
Fielding Gillings,fgillings4r@thetimes.co.uk
Angie Durdle,adurdle4s@yandex.ru
Petrina Chominski,pchominski4t@myspace.com
Teresina O'Suaird,tosuaird4u@nsw.gov.au
Martainn Killock,mkillock4v@apache.org
Neddy Dorton,ndorton4w@tripod.com
Rayshell Owttrim,rowttrim4x@barnesandnoble.com
Timmie Boman,tboman4y@rediff.com
Claire Petrillo,cpetrillo4z@ihg.com
Arvy Callf,acallf50@posterous.com
Karyl O'Deegan,kodeegan51@wiley.com
Malvina Brockett,mbrockett52@a8.net
Jacquelynn Kovnot,jkovnot53@so-net.ne.jp
Jesse Fredi,jfredi54@cbslocal.com
Celle Page,cpage55@gravatar.com
Libbi Cheeke,lcheeke56@sun.com
Martynne Flaunier,mflaunier57@bizjournals.com
Marketa Hugk,mhugk58@bbc.co.uk
Jesselyn Rosentholer,jrosentholer59@archive.org
Dewey Golland,dgolland5a@shutterfly.com
Jackqueline Wickardt,jwickardt5b@liveinternet.ru
Jerome Alibone,jalibone5c@mayoclinic.com
Deloris Gazey,dgazey5d@berkeley.edu
Paulina Lafflina,plafflina5e@vimeo.com
Jacky Blockwell,jblockwell5f@arizona.edu
Maximo Bendley,mbendley5g@independent.co.uk
Parker Jon,pjon5h@arstechnica.com
Frasco Janicijevic,fjanicijevic5i@privacy.gov.au
Fleurette Ecclesall,fecclesall5j@tamu.edu
Flem Frondt,ffrondt5k@a8.net
Fabe Celloni,fcelloni5l@digg.com
Leena Eyes,leyes5m@webnode.com
Rena Ville,rville5n@google.com.au
Gloria Doudny,gdoudny5o@ameblo.jp
Hal Oris,horis5p@theatlantic.com
Berky Fazzioli,bfazzioli5q@networksolutions.com
Abbott Piff,apiff5r@wikipedia.org
Hilliard Llewhellin,hllewhellin5s@acquirethisname.com
Anni Carcas,acarcas5t@who.int
Kendricks Alden,kalden5u@icio.us
Merv Twigley,mtwigley5v@redcross.org
Franz Bunworth,fbunworth5w@google.com.au
Virgie Worsham,vworsham5x@un.org
Lazare Rouch,lrouch5y@cdbaby.com
Barrie Hankins,bhankins5z@nasa.gov
Kati Scimoni,kscimoni60@shop-pro.jp
Welch Ianiello,wianiello61@e-recht24.de
Leodora Hawksworth,lhawksworth62@naver.com
Dorie Cowin,dcowin63@buzzfeed.com
Sissie MacKinnon,smackinnon64@dropbox.com
Kaia Ivy,kivy65@webmd.com
Mitchell Couvert,mcouvert66@surveymonkey.com
Nissy Friedman,nfriedman67@about.me
Ulla Woodage,uwoodage68@instagram.com
Eliot Strettell,estrettell69@angelfire.com
Mord Jeandillou,mjeandillou6a@scribd.com
Barnabe Naire,bnaire6b@usnews.com
Elnore Silvers,esilvers6c@cpanel.net
Cindelyn Kinnin,ckinnin6d@dion.ne.jp
Isabella Helks,ihelks6e@mit.edu
Sindee Childerhouse,schilderhouse6f@tmall.com
Tonya Muxworthy,tmuxworthy6g@bravesites.com
Aland Abrahim,aabrahim6h@mozilla.com
Arthur Kleinlerer,akleinlerer6i@gmpg.org
Garv Isselee,gisselee6j@linkedin.com
Desmond Dewing,ddewing6k@g.co
Jill Norcock,jnorcock6l@ft.com
Kurt Fairs,kfairs6m@ask.com
Alix Andriveaux,aandriveaux6n@wunderground.com
Conney Houliston,chouliston6o@dropbox.com
Constanta Lumsdall,clumsdall6p@weibo.com
Fidole Carrabot,fcarrabot6q@toplist.cz
Stacia Janas,sjanas6r@icq.com
Danila Budgey,dbudgey6s@shareasale.com
Alfy Bullene,abullene6t@virginia.edu
Myles Nanelli,mnanelli6u@census.gov
Malissa Gever,mgever6v@sitemeter.com
Washington Dewick,wdewick6w@angelfire.com
Benny Giacomazzo,bgiacomazzo6x@cafepress.com
Whitney Fawloe,wfawloe6y@mashable.com
Gillian Latchmore,glatchmore6z@etsy.com
Delly Kelshaw,dkelshaw70@mail.ru
Happy Knowler,hknowler71@loc.gov
Bay Rivitt,brivitt72@imgur.com
Corny Ilyin,cilyin73@blinklist.com
Thayne Carverhill,tcarverhill74@tmall.com
Darrelle Edyson,dedyson75@umn.edu
Thain Bills,tbills76@purevolume.com
Erastus Volke,evolke77@pagesperso-orange.fr
Georgine Rikard,grikard78@cafepress.com
Didi Dunhill,ddunhill79@wufoo.com
Devina Folbigg,dfolbigg7a@ifeng.com
Isadore Mully,imully7b@youtube.com
Velma Pelham,vpelham7c@baidu.com
Welby Godlee,wgodlee7d@google.co.jp
Laura Dyne,ldyne7e@bing.com
Armin Gaveltone,agaveltone7f@stanford.edu
Alanna Usmar,ausmar7g@twitter.com
Hanny Kentish,hkentish7h@tripadvisor.com
Steffen Rubica,srubica7i@imageshack.us
Kennan Pietersen,kpietersen7j@bloomberg.com
Jammie Antley,jantley7k@ning.com
Thor Doreward,tdoreward7l@istockphoto.com
Peggi Coare,pcoare7m@pcworld.com
Wyndham Delacote,wdelacote7n@mashable.com
Franklin Foulcher,ffoulcher7o@blogger.com
Vinny Ivkovic,vivkovic7p@hostgator.com
Ive Agglio,iagglio7q@t.co
Tamarah Maha,tmaha7r@ucoz.ru
Alleen Sowersby,asowersby7s@about.com
Martynne Brigham,mbrigham7t@imageshack.us
Robenia Boycott,rboycott7u@wikimedia.org
Quinn Dionsetti,qdionsetti7v@clickbank.net
Brockie Reisen,breisen7w@guardian.co.uk
Otho Studeart,ostudeart7x@samsung.com
Dicky Connar,dconnar7y@walmart.com
Ellwood Oret,eoret7z@dagondesign.com
Tobiah Kollatsch,tkollatsch80@cpanel.net
Papagena Mowne,pmowne81@prweb.com
Sandra Dellow,sdellow82@tiny.cc
Tracee Dutt,tdutt83@newyorker.com
Ibby Klaas,iklaas84@ca.gov
Aindrea Wurst,awurst85@xing.com
Gavan Batty,gbatty86@skyrock.com
Bengt Hamerton,bhamerton87@hud.gov
Letizia Giannassi,lgiannassi88@dyndns.org
Miquela Wynett,mwynett89@wix.com
Clea Peppin,cpeppin8a@scientificamerican.com
Loralyn Mynett,lmynett8b@studiopress.com
Godfry Boyack,gboyack8c@fema.gov
Muffin Ales0,males8d@amazon.com
Powell Josovich,pjosovich8e@adobe.com
Spike MacGinlay,smacginlay8f@senate.gov
Francois McCluskey,fmccluskey8g@meetup.com
Levey Nayshe,lnayshe8h@behance.net
Ambrose O'Kielt,aokielt8i@cloudflare.com
Bernardina Dressell,bdressell8j@jugem.jp
Hale Merkle,hmerkle8k@typepad.com
Walker Cookley,wcookley8l@bbb.org
Merv Rosier,mrosier8m@cnet.com
Charlene Twiname,ctwiname8n@histats.com
Albrecht Bindley,abindley8o@cbc.ca
Sheff Borgnet,sborgnet8p@hibu.com
Cassaundra Newnham,cnewnham8q@ycombinator.com
Chester Weir,cweir8r@constantcontact.com
Myrwyn Kief,mkief8s@dropbox.com
Raoul Dinwoodie,rdinwoodie8t@networksolutions.com
Kele Wiskar,kwiskar8u@blogger.com
Osbourn Dearth,odearth8v@bigcartel.com
Noreen Monkley,nmonkley8w@scribd.com
Zeke Leel,zleel8x@illinois.edu
Fair Kiddle,fkiddle8y@house.gov
Billi Breache,bbreache8z@prlog.org
Giacopo Hillhouse,ghillhouse90@themeforest.net
Dyana Lowrie,dlowrie91@globo.com
Kaja Greguoli,kgreguoli92@google.ca
Jermaine McSkeagan,jmcskeagan93@dropbox.com
Wolfgang Nazaret,wnazaret94@domainmarket.com
Layney Milham,lmilham95@deliciousdays.com
Lorne Durrant,ldurrant96@redcross.org
Gibbie Moquin,gmoquin97@skype.com
Rosabel Faldoe,rfaldoe98@bloglines.com
Calypso Dunster,cdunster99@newyorker.com
Crissie Bentke,cbentke9a@usnews.com
Melody Grishenkov,mgrishenkov9b@usatoday.com
Arabelle Gager,agager9c@senate.gov
Lynnelle Ipsley,lipsley9d@booking.com
Hill Hauch,hhauch9e@dailymail.co.uk
Neill Rawlison,nrawlison9f@1und1.de
Corine Phalip,cphalip9g@ihg.com
Gratia Salmoni,gsalmoni9h@java.com
Kate Gyorgy,kgyorgy9i@auda.org.au
Grove Shakelade,gshakelade9j@ebay.com
Roobbie Highnam,rhighnam9k@ted.com
Selle Downes,sdownes9l@live.com
Errick Hindmore,ehindmore9m@themeforest.net
Drud Kedwell,dkedwell9n@apple.com
Yorker Greenalf,ygreenalf9o@walmart.com
Bernardo Vittet,bvittet9p@answers.com
Dianna Veivers,dveivers9q@fema.gov
Norton Lulham,nlulham9r@army.mil
Iona Sussams,isussams9s@upenn.edu
Titos Gounin,tgounin9t@illinois.edu
Happy Bradwell,hbradwell9u@adobe.com
Myrtie Dunmore,mdunmore9v@disqus.com
Shoshana Merigon,smerigon9w@netlog.com
Bernhard Cutford,bcutford9x@cmu.edu
Johnnie Silkstone,jsilkstone9y@e-recht24.de
Lauryn Denizet,ldenizet9z@bloglines.com
Emilee Tincknell,etincknella0@columbia.edu
Lyn Du Fray,ldua1@bigcartel.com
Noah Boissier,nboissiera2@tmall.com
Wyatan Rilings,wrilingsa3@last.fm
Sholom Merryman,smerrymana4@cornell.edu
Bobbye Tatters,btattersa5@kickstarter.com
Culver Phillis,cphillisa6@home.pl
Efrem Ribeiro,eribeiroa7@sphinn.com
Idaline O'Grogane,iogroganea8@mac.com
Sawyere Caudell,scaudella9@parallels.com
Shepperd Elby,selbyaa@wikipedia.org
Emmet Thorneley,ethorneleyab@un.org
Godart Etock,getockac@photobucket.com
Port Kopecka,pkopeckaad@china.com.cn
Jermaine Chicchetto,jchicchettoae@tiny.cc
Adelbert Brydson,abrydsonaf@163.com
Normy Oddie,noddieag@sourceforge.net
Jacquie Robins,jrobinsah@reference.com
Grange Hamberston,ghamberstonai@wix.com
Rosalyn Wace,rwaceaj@goo.ne.jp
Latrena Drei,ldreiak@free.fr
Shae Easthope,seasthopeal@icio.us
Mireielle Rucklesse,mrucklesseam@4shared.com
Gretel Wreight,gwreightan@salon.com
Mandi Wimlett,mwimlettao@wikipedia.org
Alphonso Danbrook,adanbrookap@technorati.com
Berke Burrage,bburrageaq@loc.gov
Bernarr Joscelyn,bjoscelynar@imdb.com
Kendall Jenson,kjensonas@sitemeter.com
Ashton Gomersal,agomersalat@newyorker.com
Emelyne Jedrzaszkiewicz,ejedrzaszkiewiczau@ucoz.ru
Lucita Slaight,lslaightav@edublogs.org
Twila Bartles,tbartlesaw@bbc.co.uk
Dallon Borrington,dborringtonax@google.es
Junie Adamides,jadamidesay@un.org
Augustin Pretswell,apretswellaz@sun.com
Kayla Helgass,khelgassb0@patch.com
Alvina Smidmore,asmidmoreb1@cnn.com
Clarey Torbard,ctorbardb2@typepad.com
Werner Drinkale,wdrinkaleb3@cloudflare.com
Sybilla Tregona,stregonab4@huffingtonpost.com
Buddie Coxon,bcoxonb5@opera.com
Skip Claydon,sclaydonb6@mayoclinic.com
Van Tollfree,vtollfreeb7@soup.io
Winne Cotesford,wcotesfordb8@ycombinator.com
Aube Wardell,awardellb9@cdbaby.com
Mercy Boltwood,mboltwoodba@uol.com.br
Emeline Berridge,eberridgebb@tamu.edu
Basilio Presser,bpresserbc@gmpg.org
Verna Seydlitz,vseydlitzbd@si.edu
Parry Nehl,pnehlbe@themeforest.net
Anne-marie Vidloc,avidlocbf@accuweather.com
Artair Roskruge,aroskrugebg@acquirethisname.com
Lorene Worden,lwordenbh@cafepress.com
Val Beers,vbeersbi@barnesandnoble.com
Kyrstin Lindstrom,klindstrombj@parallels.com
Delly Ugolini,dugolinibk@youtu.be
Alessandra Siehard,asiehardbl@imageshack.us
Grete Christal,gchristalbm@patch.com
Estrella Archambault,earchambaultbn@house.gov
Allyson Nockolds,anockoldsbo@yahoo.co.jp
Gannon Balcombe,gbalcombebp@ox.ac.uk
Hobie Alford,halfordbq@wordpress.org
Haven Leitch,hleitchbr@thetimes.co.uk
Vyky Aldis,valdisbs@nsw.gov.au
Amandi Meece,ameecebt@ucsd.edu
Helsa Antosch,hantoschbu@constantcontact.com
Urbain Papaccio,upapacciobv@cargocollective.com
Dacia Rendbaek,drendbaekbw@cnbc.com
Rozalin Tattershall,rtattershallbx@paginegialle.it
Caro Tynan,ctynanby@zdnet.com
Jan Eaklee,jeakleebz@wisc.edu
Cozmo Schettini,cschettinic0@domainmarket.com
Sheena Johantges,sjohantgesc1@newyorker.com
Michale Lassell,mlassellc2@usatoday.com
Jsandye Ivell,jivellc3@technorati.com
Sydel Stroyan,sstroyanc4@hao123.com
Ardyth Gabbett,agabbettc5@squarespace.com
Joycelin Balducci,jbalduccic6@wiley.com
Simmonds Jerrold,sjerroldc7@umn.edu
Kirsti Balaizot,kbalaizotc8@1und1.de
Ingeberg Zima,izimac9@mac.com
Raymond Grimsdike,rgrimsdikeca@addtoany.com
Alexine Surgenor,asurgenorcb@oracle.com
Rosene Radley,rradleycc@fotki.com
Wilona Murcott,wmurcottcd@ox.ac.uk
Robers Hartzogs,rhartzogsce@xinhuanet.com
Kiri Kearn,kkearncf@ameblo.jp
Care McKelvey,cmckelveycg@last.fm
Rodd Merdew,rmerdewch@homestead.com
Nat Kain,nkainci@godaddy.com
Patty Anstee,pansteecj@xrea.com
Madelin Macauley,mmacauleyck@wordpress.com
Farr de Merida,fdecl@spotify.com
Dannel Darte,ddartecm@newsvine.com
Elysia Hughlock,ehughlockcn@aboutads.info
Chantal Sarvar,csarvarco@fastcompany.com
Agnola Timothy,atimothycp@bloglovin.com
Austin Golland,agollandcq@ca.gov
Aubrey Border,abordercr@uiuc.edu
Sabrina Steggles,sstegglescs@prweb.com
Erena Chittleburgh,echittleburghct@webs.com
Geoff Rowen,growencu@ibm.com
Michel Dowle,mdowlecv@barnesandnoble.com
Mollie Riteley,mriteleycw@360.cn
Stacy Wallbridge,swallbridgecx@barnesandnoble.com
Corrie Sinclair,csinclaircy@youtu.be
Rance Hevner,rhevnercz@microsoft.com
Arthur Brodnecke,abrodnecked0@arizona.edu
Katti Cossam,kcossamd1@gizmodo.com
Alecia Pernell,apernelld2@jugem.jp
Maressa Moorerud,mmoorerudd3@list-manage.com
Leilah Rydeard,lrydeardd4@hostgator.com
Noell Adnett,nadnettd5@123-reg.co.uk
Alison Vaughan,avaughand6@irs.gov
Bethena Lean,bleand7@fc2.com
Alan Groveham,agrovehamd8@sfgate.com
Carmelle Yesenev,cyesenevd9@storify.com
Denney Haggith,dhaggithda@1und1.de
Chantalle Scarlett,cscarlettdb@jugem.jp
Mollee Sugars,msugarsdc@trellian.com
Eda Grinikhinov,egrinikhinovdd@google.co.jp
Loise Piddlesden,lpiddlesdende@clickbank.net
Bianka Torregiani,btorregianidf@ucsd.edu
Bruno Raycroft,braycroftdg@webnode.com
Arvie Laugherane,alaugheranedh@360.cn
Eba Busfield,ebusfielddi@census.gov
Elden Tripony,etriponydj@google.it
Basilius Kiernan,bkiernandk@slideshare.net
Reynold Lenney,rlenneydl@hp.com
Mikaela Bradwell,mbradwelldm@tripod.com
Zerk Jagson,zjagsondn@walmart.com
Fidole Tesimon,ftesimondo@ted.com
Kamillah Peete,kpeetedp@oakley.com
Dennet Montrose,dmontrosedq@goo.gl
Melony Dimmick,mdimmickdr@upenn.edu
Windy Sottell,wsottellds@wikia.com
Laverna Puve,lpuvedt@pbs.org
Saw Pepon,spepondu@live.com
Lay Puckinghorne,lpuckinghornedv@rambler.ru
Petr Bruneton,pbrunetondw@biglobe.ne.jp
Janessa Steers,jsteersdx@pcworld.com
Milo Zannotti,mzannottidy@fc2.com
Carolyne Rundall,crundalldz@bbb.org
Daniele Stubbeley,dstubbeleye0@zdnet.com
Moreen Aisbett,maisbette1@addtoany.com
Gardner Scammonden,gscammondene2@elpais.com
Sydelle Timby,stimbye3@studiopress.com
Griff Jobbing,gjobbinge4@dailymotion.com
Kaine Yegorkov,kyegorkove5@delicious.com
Matias Plaister,mplaistere6@google.ca
Field Yellowlee,fyellowleee7@i2i.jp
Celka Annwyl,cannwyle8@surveymonkey.com
Guenevere Haslewood,ghaslewoode9@bluehost.com
Rhoda Hartly,rhartlyea@weebly.com
Ray Huard,rhuardeb@go.com
Kelly Travers,ktraversec@comsenz.com
Frederico Baldrey,fbaldreyed@home.pl
Edeline Marriott,emarriottee@berkeley.edu
Pierson Sieve,psieveef@slideshare.net
Marti Deshorts,mdeshortseg@feedburner.com
Emili Falck,efalckeh@reddit.com
Langsdon Beeton,lbeetonei@freewebs.com
Lemar Welham,lwelhamej@etsy.com
Averill De Leek,adeek@bloglines.com
Gaelan Giacopello,ggiacopelloel@biblegateway.com
Dawna Hastelow,dhastelowem@google.pl
Gabbie Clother,gclotheren@stumbleupon.com
Price Fedoronko,pfedoronkoeo@washingtonpost.com
Tyrone Hundy,thundyep@plala.or.jp
Barth Smeall,bsmealleq@dailymail.co.uk
Nye Bolderson,nboldersoner@icio.us
Evania Chatters,echatterses@noaa.gov
Haslett Kee,hkeeet@xrea.com
Wilbert Medler,wmedlereu@hp.com
De Willmore,dwillmoreev@artisteer.com
Waldo Franchyonok,wfranchyonokew@sitemeter.com
Shana Stigers,sstigersex@purevolume.com
Calhoun Grigore,cgrigoreey@slideshare.net
Emmalynn Conquest,econquestez@hubpages.com
Deloris Klaes,dklaesf0@ebay.com
Siffre Lafoy,slafoyf1@goo.ne.jp
Donnie Gath,dgathf2@is.gd
Amalle Bilfoot,abilfootf3@google.nl
Beverley Nolli,bnollif4@eepurl.com
Druci Bigley,dbigleyf5@wordpress.com
Patton Elkin,pelkinf6@discuz.net
Warner Kraft,wkraftf7@dmoz.org
Margaretta Spurnier,mspurnierf8@51.la
Alfie Greetland,agreetlandf9@accuweather.com
Ayn Shuttell,ashuttellfa@google.fr
Mellicent Panketh,mpankethfb@yelp.com
Lonna Kohrsen,lkohrsenfc@paginegialle.it
Harcourt Faier,hfaierfd@amazon.com
Thedrick Rapier,trapierfe@hud.gov
Darnell Brantl,dbrantlff@multiply.com
Lutero Fetherston,lfetherstonfg@deviantart.com
Darrel Kopecka,dkopeckafh@csmonitor.com
Marietta Ewence,mewencefi@msn.com
Jacques Eger,jegerfj@hatena.ne.jp
Alica LLelweln,allelwelnfk@plala.or.jp
Ashley Saintsbury,asaintsburyfl@amazonaws.com
Felita Brunini,fbruninifm@nbcnews.com
Louisette Cowup,lcowupfn@chicagotribune.com
Lindsy Licari,llicarifo@weather.com
Cammi Huske,chuskefp@friendfeed.com
Berkeley Yarrall,byarrallfq@ebay.co.uk
Robinett Hospital,rhospitalfr@macromedia.com
Wilie Von Oertzen,wvonfs@marriott.com
Violetta Boothroyd,vboothroydft@cbsnews.com
Eleanor Huffey,ehuffeyfu@joomla.org
Kaspar Hurler,khurlerfv@gravatar.com
Ilene Stalley,istalleyfw@163.com
Borden Smithin,bsmithinfx@wisc.edu
Gabriel Gatland,ggatlandfy@flavors.me
Gerri Topling,gtoplingfz@netvibes.com
Blake Hitzke,bhitzkeg0@phoca.cz
Eustacia Reisk,ereiskg1@360.cn
Tyrone Cordeux,tcordeuxg2@mlb.com
Arielle Demeza,ademezag3@wp.com
Jarrad Greenway,jgreenwayg4@shinystat.com
Clerc Pickring,cpickringg5@meetup.com
Bank Wyllt,bwylltg6@whitehouse.gov
Vassili Gavozzi,vgavozzig7@icio.us
Michaella Shevels,mshevelsg8@reverbnation.com
Guy Chorley,gchorleyg9@stanford.edu
Eilis Yantsurev,eyantsurevga@disqus.com
Iseabal Braven,ibravengb@uiuc.edu
Roseann Gooderridge,rgooderridgegc@apple.com
Wilow Bellini,wbellinigd@ed.gov
Kaspar Ronchi,kronchige@cargocollective.com
Pepi Huburn,phuburngf@ask.com
Ofelia Archard,oarchardgg@chicagotribune.com
Cayla Hellcat,chellcatgh@merriam-webster.com
Jenine Flarity,jflaritygi@miitbeian.gov.cn
Granville McRobert,gmcrobertgj@blogspot.com
Kahaleel Niaves,kniavesgk@microsoft.com
Caldwell McLarens,cmclarensgl@icio.us
Wyn Trail,wtrailgm@simplemachines.org
Edwin Dankov,edankovgn@irs.gov
Scot Van Daalen,svango@theguardian.com
Sasha Hurring,shurringgp@reverbnation.com
Kinnie Karlqvist,kkarlqvistgq@cisco.com
Vinny Allingham,vallinghamgr@msu.edu
Garvin McPhilip,gmcphilipgs@oracle.com
Humberto Segoe,hsegoegt@gnu.org
Tobi Benbrick,tbenbrickgu@smugmug.com
Zollie Standeven,zstandevengv@deliciousdays.com
Gabe McCully,gmccullygw@go.com
Liuka Monksfield,lmonksfieldgx@illinois.edu
Josi Akker,jakkergy@whitehouse.gov
Addie Shergold,ashergoldgz@51.la
Polly Reaveley,preaveleyh0@sourceforge.net
Janene Climer,jclimerh1@a8.net
Lynelle Younghusband,lyounghusbandh2@princeton.edu
Yvette Bartosch,ybartoschh3@ted.com
Merralee Touzey,mtouzeyh4@gizmodo.com
Cale Ferier,cferierh5@phoca.cz
Patrizia Alvis,palvish6@1und1.de
Marena Brealey,mbrealeyh7@photobucket.com
Eden Billinge,ebillingeh8@cnbc.com
Maurizio Moutray Read,mmoutrayh9@whitehouse.gov
Anastasie Jerram,ajerramha@pen.io
Torrie Vellender,tvellenderhb@smh.com.au
Carlos Pentony,cpentonyhc@thetimes.co.uk
Tiphany O' Meara,tohd@webmd.com
Andy Hryskiewicz,ahryskiewiczhe@parallels.com
Talyah Prangnell,tprangnellhf@ox.ac.uk
Kalie Morad,kmoradhg@toplist.cz
Gracia Bann,gbannhh@hao123.com
Tybi Grodden,tgroddenhi@bbc.co.uk
Torey Blackboro,tblackborohj@home.pl
Ddene Meffin,dmeffinhk@skyrock.com
Dante Denisard,ddenisardhl@whitehouse.gov
Mame Peniello,mpeniellohm@nymag.com
Reinhard Von Gladbach,rvonhn@bluehost.com
Lenette Extill,lextillho@chronoengine.com
Winne Gozzard,wgozzardhp@amazon.co.jp
Boycey De Antoni,bdehq@ucoz.ru
Goldarina Petett,gpetetthr@last.fm
Teressa Garahan,tgarahanhs@joomla.org
Davie Lines,dlinesht@disqus.com
Philippine Selland,psellandhu@cbsnews.com
Tiena Tamblingson,ttamblingsonhv@ihg.com
Georgine Dellenbrook,gdellenbrookhw@weebly.com
Minny Wharfe,mwharfehx@purevolume.com
Cornelia Gildersleeve,cgildersleevehy@pen.io
Alanna Woodburne,awoodburnehz@dyndns.org
Lily Cargen,lcargeni0@dmoz.org
Angeline Couchman,acouchmani1@gov.uk
Eb Luipold,eluipoldi2@opera.com
Jordon Lambdon,jlambdoni3@digg.com
Crystal Manssuer,cmanssueri4@myspace.com
Judye Janton,jjantoni5@ocn.ne.jp
Biddie O'Hern,boherni6@ehow.com
Anna Hauger,ahaugeri7@360.cn
Salvatore Cogswell,scogswelli8@t-online.de
Joellyn Gullen,jgulleni9@upenn.edu
Cassandre Malec,cmalecia@cyberchimps.com
Pren Oriel,porielib@businesswire.com
Kinna Kytley,kkytleyic@stanford.edu
Kaylil Lehrer,klehrerid@usgs.gov
Flossie Shier,fshierie@constantcontact.com
Iver Nevitt,inevittif@spiegel.de
Alphard Cupitt,acupittig@desdev.cn
Sandra Gipson,sgipsonih@nba.com
Emelyne Hundley,ehundleyii@symantec.com
Thurston Vatcher,tvatcherij@bloglovin.com
Jud Major,jmajorik@disqus.com
Gilles Petkov,gpetkovil@plala.or.jp
Adler Ambler,aamblerim@marketwatch.com
Concordia Manis,cmanisin@ovh.net
Averyl Paunsford,apaunsfordio@ocn.ne.jp
Shana Clurow,sclurowip@accuweather.com
Raoul Abbay,rabbayiq@cmu.edu
Bealle Dorant,bdorantir@tmall.com
Shaylynn Mantram,smantramis@over-blog.com
Deb Hennington,dhenningtonit@creativecommons.org
Percival Jeans,pjeansiu@samsung.com
Philippa Creddon,pcreddoniv@4shared.com
Terrence Ruppeli,truppeliiw@usgs.gov
Packston Lidyard,plidyardix@youku.com
Winnah Gouldstraw,wgouldstrawiy@si.edu
Austina MacDavitt,amacdavittiz@nifty.com
Shirl Challinor,schallinorj0@forbes.com
Reamonn Melvin,rmelvinj1@fastcompany.com
Buddie Bayles,bbaylesj2@barnesandnoble.com
Dannie Fullman,dfullmanj3@sitemeter.com
Jules Eaves,jeavesj4@tripod.com
Christian Upchurch,cupchurchj5@washington.edu
Shara Kelleway,skellewayj6@fema.gov
Guido Hawler,ghawlerj7@istockphoto.com
Lanny Landor,llandorj8@ifeng.com
Newton Sedgebeer,nsedgebeerj9@vk.com
Amery Elphinston,aelphinstonja@storify.com
Isac Picken,ipickenjb@admin.ch
Glen Olczyk,golczykjc@foxnews.com
Layney Dallin,ldallinjd@amazon.com
Cecelia Balcers,cbalcersje@google.cn
Nananne Buyers,nbuyersjf@yandex.ru
Ber Kairns,bkairnsjg@feedburner.com
Ailene Cully,acullyjh@de.vu
Nerta Lovett,nlovettji@mac.com
Brice McVie,bmcviejj@theglobeandmail.com
Bryant Phidgin,bphidginjk@columbia.edu
Redd Avarne,ravarnejl@purevolume.com
Galen Houdmont,ghoudmontjm@aol.com
Raye Bedson,rbedsonjn@tiny.cc
Christoforo Mattke,cmattkejo@admin.ch
Tess Bodsworth,tbodsworthjp@google.cn
Roanna Belitz,rbelitzjq@alibaba.com
Myrah Fancott,mfancottjr@sourceforge.net
Kylynn Blainey,kblaineyjs@miitbeian.gov.cn
Cybil Vowdon,cvowdonjt@ucsd.edu
Fin Davidov,fdavidovju@mlb.com
Hollis Hastelow,hhastelowjv@fotki.com
Elsinore Blenkin,eblenkinjw@nydailynews.com
Andrea Mountford,amountfordjx@ask.com
Drusy Cullip,dcullipjy@mtv.com
Luigi Houlworth,lhoulworthjz@barnesandnoble.com
Padraig Alcoran,palcorank0@1688.com
Neill Bram,nbramk1@canalblog.com
Neysa Lafond,nlafondk2@chronoengine.com
Fayina Ruperti,frupertik3@wikimedia.org
Hasheem Smedmoor,hsmedmoork4@php.net
Letizia Beardow,lbeardowk5@sun.com
Betsey Netherclift,bnethercliftk6@youtu.be
Teena Rogliero,troglierok7@delicious.com
Heida Blackbourn,hblackbournk8@squidoo.com
Binky Clews,bclewsk9@freewebs.com
Jerrie Bean,jbeanka@mac.com
Jewell Curry,jcurrykb@hibu.com
Joanne Sotham,jsothamkc@cdbaby.com
Bernardina Braidon,bbraidonkd@google.com.au
Micky Keefe,mkeefeke@g.co
Gan Farncombe,gfarncombekf@ameblo.jp
Sandy Sheering,ssheeringkg@lycos.com
Viki Powles,vpowleskh@yellowpages.com
Lenette Spaduzza,lspaduzzaki@cmu.edu
Alisa Housego,ahousegokj@taobao.com
Lana Peepall,lpeepallkk@umich.edu
Collin Labdon,clabdonkl@moonfruit.com
Allin Geist,ageistkm@skyrock.com
Carrissa Beecham,cbeechamkn@e-recht24.de
Brittani Shenfisch,bshenfischko@upenn.edu
Stacee Rohloff,srohloffkp@about.me
Georgine Twitchett,gtwitchettkq@plala.or.jp
Jasper Rheam,jrheamkr@wufoo.com
Melva Keoghane,mkeoghaneks@bloglovin.com
Davie Aicken,daickenkt@mail.ru
Gino Graundisson,ggraundissonku@springer.com
Lammond Bispham,lbisphamkv@intel.com
Shirley Pelerin,spelerinkw@webs.com
Rhoda Croneen,rcroneenkx@myspace.com
Bess Geraldini,bgeraldiniky@msn.com
Doralyn Tutchener,dtutchenerkz@wsj.com
Cherri Braunfeld,cbraunfeldl0@hc360.com
Monica Booker,mbookerl1@smh.com.au
Rudolfo Peerless,rpeerlessl2@goo.gl
Lindsey Maskill,lmaskilll3@oracle.com
Kristoffer Taleworth,ktaleworthl4@illinois.edu
Isador Haslin,ihaslinl5@sun.com
Ben Jewitt,bjewittl6@blogger.com
Otha Biskupiak,obiskupiakl7@aboutads.info
Linn Binford,lbinfordl8@cnbc.com
Grayce Fairbanks,gfairbanksl9@aboutads.info
Otto Snashall,osnashallla@sbwire.com
Gordan Cokely,gcokelylb@joomla.org
Gianna Baden,gbadenlc@w3.org
Marilin Gration,mgrationld@hc360.com
Matthaeus Bradfield,mbradfieldle@typepad.com
Theressa Kubicka,tkubickalf@sciencedaily.com
Zitella Conelly,zconellylg@usgs.gov
Aymer Millmore,amillmorelh@wordpress.com
Clayborne Molineux,cmolineuxli@fotki.com
Vassily Spedding,vspeddinglj@scribd.com
Robby Johnikin,rjohnikinlk@github.com
Adrea Hurran,ahurranll@pbs.org
Ulrica Lamberto,ulambertolm@reuters.com
Elfie Boyton,eboytonln@apache.org
Jacenta Durn,jdurnlo@omniture.com
Trumaine Dean,tdeanlp@sogou.com
Alikee Luberto,alubertolq@exblog.jp
Val Hessel,vhessellr@nydailynews.com
Ester MacAfee,emacafeels@mozilla.com
Mortie Cowap,mcowaplt@twitter.com
Jule Kigelman,jkigelmanlu@blogs.com
Mallory McIlhone,mmcilhonelv@godaddy.com
Matty Fennell,mfennelllw@sogou.com
Tuckie Persitt,tpersittlx@g.co
Cody Bader,cbaderly@naver.com
Benedicta Houldey,bhouldeylz@eepurl.com
Clarita Schiefersten,cschieferstenm0@jimdo.com
Buiron Andreini,bandreinim1@nbcnews.com
Brice Hast,bhastm2@tmall.com
Yanaton Fackney,yfackneym3@sourceforge.net
Pieter Snoddin,psnoddinm4@dyndns.org
Mata Van der Hoven,mvanm5@unicef.org
Derick Tamblingson,dtamblingsonm6@comsenz.com
Cobb Vasyukov,cvasyukovm7@livejournal.com
Raymond Brister,rbristerm8@dropbox.com
Janis Chesser,jchesserm9@storify.com
Archibald Songer,asongerma@oaic.gov.au
Cooper Sambiedge,csambiedgemb@fda.gov
Berty Duckwith,bduckwithmc@dropbox.com
Conny Got,cgotmd@gov.uk
Nataline Fereday,nferedayme@nature.com
Missie Oldman,moldmanmf@purevolume.com
Auria Fourman,afourmanmg@google.fr
Otis Bayles,obaylesmh@meetup.com
Emmie Edelman,eedelmanmi@imdb.com
Tommie Martello,tmartellomj@fc2.com
Odilia Arnall,oarnallmk@godaddy.com
Mercie Kochl,mkochlml@ezinearticles.com
Sancho Weems,sweemsmm@4shared.com
Olympia Sellan,osellanmn@mac.com
Regan Keatley,rkeatleymo@drupal.org
Connie Oulner,coulnermp@harvard.edu
Ailis Chatters,achattersmq@tripadvisor.com
Erin Sparshatt,esparshattmr@cnn.com
Devon Seston,dsestonms@gov.uk
Andonis Evanson,aevansonmt@sourceforge.net
Aaron Cranefield,acranefieldmu@typepad.com
Kip Fairbard,kfairbardmv@domainmarket.com
Grady Hilley,ghilleymw@nih.gov
Lane Rickerby,lrickerbymx@msu.edu
Calv Eisig,ceisigmy@sourceforge.net
Ephrem Shillito,eshillitomz@de.vu
Mychal Mackrell,mmackrelln0@ebay.co.uk
Kylie Livoir,klivoirn1@upenn.edu
Sabina Smithyman,ssmithymann2@wsj.com
Sammy Purches,spurchesn3@discuz.net
Flin Renard,frenardn4@princeton.edu
Rourke Pymm,rpymmn5@weather.com
Chaddy Waite,cwaiten6@wp.com
Gav Alderman,galdermann7@yolasite.com
Phylys Kenneway,pkennewayn8@liveinternet.ru
Corine Popelay,cpopelayn9@msn.com
Noll Lammin,nlamminna@wsj.com
Dorie Zamora,dzamoranb@marketwatch.com
Cammy Ricardo,cricardonc@fema.gov
Drusilla Alekseev,dalekseevnd@answers.com
Lila Corkitt,lcorkittne@soup.io
Ingemar Serjent,iserjentnf@networkadvertising.org
Monte Vallis,mvallisng@sakura.ne.jp
Tobin Shovell,tshovellnh@multiply.com
Jacinthe Calcraft,jcalcraftni@utexas.edu
Benedikt Mattimoe,bmattimoenj@facebook.com
Penny Haestier,phaestiernk@japanpost.jp
Ethelin Brackley,ebrackleynl@ask.com
Prescott Vouls,pvoulsnm@weibo.com
Melesa Carsey,mcarseynn@microsoft.com
Brandi Penkman,bpenkmanno@youku.com
Stesha Pottiphar,spottipharnp@guardian.co.uk
Karlie Tuminini,ktuminininq@sohu.com
Gael Leupoldt,gleupoldtnr@aboutads.info
Charlotte Lumsden,clumsdenns@ifeng.com
Ashlen Cheevers,acheeversnt@auda.org.au
Terencio Mutimer,tmutimernu@nifty.com
Joline Stoven,jstovennv@sbwire.com
Darryl Toolin,dtoolinnw@indiegogo.com
Sabra O' Sullivan,sonx@archive.org
Benton Pracy,bpracyny@springer.com
Wendell Yanshinov,wyanshinovnz@opera.com
Garrott Petrazzi,gpetrazzio0@wufoo.com
Weber Manson,wmansono1@ehow.com
Tait Follitt,tfollitto2@miibeian.gov.cn
Martainn Talby,mtalbyo3@craigslist.org
Atlante Martyntsev,amartyntsevo4@yellowpages.com
Auroora Lewer,alewero5@360.cn
Dall Spillane,dspillaneo6@gnu.org
Benny Yewman,byewmano7@nba.com
Konstantine McGuane,kmcguaneo8@newyorker.com
Galvan Ginnally,gginnallyo9@virginia.edu
Chevalier Splain,csplainoa@yelp.com
Benoit Aldis,baldisob@drupal.org
Silvanus Brennan,sbrennanoc@amazonaws.com
Bradan Petel,bpetelod@nytimes.com
Jordain Goseling,jgoselingoe@hexun.com
Kira Bartak,kbartakof@domainmarket.com
Lorilee Dupree,ldupreeog@ftc.gov
Sheryl Gumme,sgummeoh@paypal.com
Dagmar Woodcroft,dwoodcroftoi@ustream.tv
Meagan Adelman,madelmanoj@telegraph.co.uk
Constancy Lill,clillok@sciencedaily.com
Harley Salliss,hsallissol@comsenz.com
Pincas Wong,pwongom@gov.uk
Blaire Reagan,breaganon@google.co.uk
Buffy Lyenyng,blyenyngoo@amazon.co.uk
Chas Lalevee,claleveeop@list-manage.com
Tanya Rankmore,trankmoreoq@wiley.com
Royce Galler,rgalleror@google.com.hk
Ealasaid Blair,eblairos@icq.com
Lindsay Creane,lcreaneot@photobucket.com
Rayna Antonsson,rantonssonou@drupal.org
Barbabra Bedingfield,bbedingfieldov@amazon.de
Lane Ubsdale,lubsdaleow@marketwatch.com
Cordelie Zuan,czuanox@ebay.com
Elise Willisch,ewillischoy@msu.edu
Lennie Stegel,lstegeloz@moonfruit.com
Clarette Lineen,clineenp0@nationalgeographic.com
Rebekkah Belbin,rbelbinp1@soundcloud.com
Wendye Arnett,warnettp2@cmu.edu
Courtney Gain,cgainp3@techcrunch.com
Flora Volkes,fvolkesp4@umich.edu
Tessy Skillanders,tskillandersp5@wired.com
Leora Gorini,lgorinip6@multiply.com
Andreas Chalcroft,achalcroftp7@mail.ru
Shanna Sinclar,ssinclarp8@stanford.edu
Zachariah Gockeler,zgockelerp9@ihg.com
Cornelius Macey,cmaceypa@naver.com
Sharron Siney,ssineypb@bandcamp.com
Agretha Murdy,amurdypc@artisteer.com
Grace Srutton,gsruttonpd@printfriendly.com
Jeremy Laboune,jlabounepe@cyberchimps.com
Frederica Cratere,fcraterepf@youtube.com
Carlen Fehners,cfehnerspg@ifeng.com
Eleanor Willbourne,ewillbourneph@last.fm
Englebert Longrigg,elongriggpi@google.com.hk
Hettie Olivetti,holivettipj@howstuffworks.com
Farris Kempster,fkempsterpk@latimes.com
Any Dutteridge,adutteridgepl@artisteer.com
Eimile Meyer,emeyerpm@ca.gov
Percival Denney,pdenneypn@amazonaws.com
Livia Salasar,lsalasarpo@de.vu
Celia Duell,cduellpp@homestead.com
Esme Eim,eeimpq@stanford.edu
Sissy Sainer,ssainerpr@github.com
Jermaine Pautot,jpautotps@creativecommons.org
Tamar Bransdon,tbransdonpt@dailymotion.com
Rolando Knappen,rknappenpu@bloglovin.com
Dniren Eddowis,deddowispv@hostgator.com
Kiley Mate,kmatepw@clickbank.net
Lizette Fossick,lfossickpx@youku.com
Stavro Stratz,sstratzpy@imgur.com
Annice Nucciotti,anucciottipz@smh.com.au
Addison O'Cannavan,aocannavanq0@hp.com
Ruthy Ambrogioni,rambrogioniq1@icio.us
Mabelle Hamelyn,mhamelynq2@themeforest.net
Fenelia Tuite,ftuiteq3@umn.edu
Carlin Vedyaev,cvedyaevq4@fastcompany.com
Edd Lindenman,elindenmanq5@ocn.ne.jp
Tasia Ros,trosq6@goo.gl
Rici Harris,rharrisq7@businesswire.com
Denny McCord,dmccordq8@i2i.jp
Noelyn Dunaway,ndunawayq9@ezinearticles.com
Saul Whitticks,swhitticksqa@google.it
Mahalia Torrance,mtorranceqb@51.la
Alameda Harden,ahardenqc@chron.com
Franky Grinnell,fgrinnellqd@youtu.be
Stanwood Drinkall,sdrinkallqe@myspace.com
Ethelyn Brant,ebrantqf@oakley.com
Reuven Dumbrall,rdumbrallqg@spotify.com
Robinette Shuttleworth,rshuttleworthqh@desdev.cn
Montague Andersson,manderssonqi@fema.gov
Dell Scroyton,dscroytonqj@usa.gov
Frasier Butterick,fbutterickqk@devhub.com
Welsh Neilly,wneillyql@cocolog-nifty.com
Pierce Stembridge,pstembridgeqm@bandcamp.com
Natty Hamley,nhamleyqn@digg.com
Regen Hurtic,rhurticqo@cbslocal.com
Sonia Shatliffe,sshatliffeqp@japanpost.jp
Linoel Greated,lgreatedqq@phoca.cz
Myra Moncrieffe,mmoncrieffeqr@europa.eu
Rutledge Parsonage,rparsonageqs@wisc.edu
Annie Cashin,acashinqt@omniture.com
Wilek Vines,wvinesqu@redcross.org
Feliza Caulfield,fcaulfieldqv@unc.edu
Noelani Bointon,nbointonqw@opera.com
Aymer Brient,abrientqx@cnet.com
Eloisa Hunstone,ehunstoneqy@bandcamp.com
Lisetta Matovic,lmatovicqz@google.com.hk
Sherwynd Windross,swindrossr0@privacy.gov.au
Waldon Teese,wteeser1@smugmug.com
Keven Zukerman,kzukermanr2@mysql.com
Reyna Magwood,rmagwoodr3@japanpost.jp
Carlee Keetch,ckeetchr4@infoseek.co.jp
Clemente Egginton,ceggintonr5@hexun.com
Alvy Forty,afortyr6@istockphoto.com
Bucky Ketchen,bketchenr7@europa.eu
Peter Ravenscraft,pravenscraftr8@ning.com
Bertha Tulleth,btullethr9@reddit.com
Lea Grishukhin,lgrishukhinra@imgur.com
Leupold Chinnery,lchinneryrb@blog.com
Linc Spurgin,lspurginrc@cmu.edu
Anabelle Petrosian,apetrosianrd@vimeo.com
Annamaria Dumbelton,adumbeltonre@bravesites.com
Shel Sawer,ssawerrf@imageshack.us
Alexandr Housbey,ahousbeyrg@time.com
Helaina Jossel,hjosselrh@moonfruit.com
Lillian Gogay,lgogayri@sun.com
Lavinia Jiles,ljilesrj@google.com
Bowie Dayne,bdaynerk@weibo.com
Fitzgerald Rameaux,frameauxrl@ca.gov
Erin Abbe,eabberm@fda.gov
Molly Arthan,marthanrn@wikispaces.com
Engracia Ashfull,eashfullro@oakley.com
Magnum Habbon,mhabbonrp@nih.gov
Kattie Spykings,kspykingsrq@seesaa.net
Bard Caplen,bcaplenrr@zdnet.com
